1,yplau
2,geqxr
3,dmchj
4,jsqvi
5,vlhop
6,fcjor
7,gasjp
8,wghxs
9,uauau
10,tfref
11,byzqq
12,ukjbl
13,nzjxk
14,gelpg
15,fbrvl
16,bqkdd
17,pfwde
18,scygh
19,yfdtd
20,oyzkr
21,dhvun
22,xhlih
23,koxbz
24,mfgvn
25,vrbxn
26,qfplg
27,wtzpj
28,rhvnf
29,koewi
30,pprmm
31,cxtdg
32,pjwgk
33,onzna
34,ypjhw
35,fbyke
36,itdks
37,vegpp
38,vcgvp
39,qhiwd
40,zwslt
41,rgnlg
42,ycrpk
43,cioze
44,gvacb
45,bdnro
46,teacu
47,xbegw
48,xcmoh
49,pjvbv
50,ddrti
51,cwvni
52,hxtba
53,tgpsf
54,akket
55,vgvmg
56,bosvi
57,mbife
58,kopgk
59,ufdla
60,rzkjf
61,eigny
62,mcmjn
63,oosfv
64,yjizs
65,igpkk
66,nyydw
67,cjwat
68,gknbj
69,sosgs
70,eozkh
71,pcyfk
72,vkzsk
73,ssowr
74,qnzdi
75,dwlsa
76,athtb
77,ytykr
78,fvgns
79,jsxbv
80,jxvha
81,kffzo
82,vpncu
83,wbqhe
84,tukcg
85,koxqc
86,blrns
87,ptdbh
88,rnwqc
89,vnxma
90,ylsir
91,fluab
92,tvebu
93,jdaym
94,zjqci
95,ptair
96,qjyiv
97,wwxdb
98,tquxi
99,boczy
100,hsrvw
101,hvivs
102,tzbfr
103,phohj
104,mugyv
105,clmfw
106,zyrsh
107,fkemt
108,fkyhb
109,ewxxt
110,hstua
111,htxyj
112,tztbt
113,dspiy
114,owonc
115,vftdj
116,zrfpa
117,vwyds
118,zapkw
119,yoybr
120,qpkjw
121,uxmaq
122,bhkyt
123,djook
124,tegbw
125,jocvc
126,svhqz
127,znxre
128,fazmz
129,lkgdn
130,htyjp
131,smxwk
132,uqijh
133,qwsvo
134,evexp
135,hnwgt
136,wewix
137,ossgq
138,irtcd
139,lavof
140,hkomr
141,dsmud
142,xqitc
143,rhkqb
144,pcamk
145,lezub
146,vjxkc
147,kmwnd
148,ixenu
149,xqygo
150,fbctx
151,retfm
152,usosf
153,bkddg
154,xbqzj
155,piqub
156,ilgar
157,szajf
158,fkexs
159,nyzwp
160,jqvbe
161,cfmkh
162,rqpee
163,qyvvi
164,fnpri
165,vrkhj
166,mznse
167,dqndt
168,vqyxc
169,cmvpf
170,jznuj
171,qruoz
172,txcar
173,xzpkd
174,sudnw
175,brslw
176,dobas
177,oluvs
178,dyaer
179,ubrwk
180,bfhhm
181,petur
182,ntoyn
183,ykykp
184,xqurp
185,idxzw
186,kzmfa
187,rjcdo
188,amlsg
189,oorke
190,yfhry
191,yrgqi
192,txwlu
193,xwved
194,jkyox
195,dauey
196,vpfkd
197,daqwp
198,spqso
199,spavl
200,dextj
201,nalor
202,atayn
203,nxnag
204,xqxom
205,ajoiq
206,zhxle
207,wsmgp
208,azlgc
209,wihvy
210,zpjce
211,mdhti
212,odwom
213,wvbrv
214,efnzk
215,kvucw
216,yomll
217,wbxqk
218,edpla
219,mukxl
220,pfmut
221,hhmvf
222,jwxea
223,ivdfu
224,vbtvg
225,dkavt
226,qhtmr
227,oibxd
228,jmqao
229,qawzs
230,neucj
231,kgtik
232,emlnh
233,rmljj
234,zdejp
235,rmkrg
236,gckiq
237,hisop
238,ogrud
239,cvdyy
240,wrign
241,gatav
242,lrovj
243,htmyh
244,ichjy
245,rpgyt
246,xqfjv
247,itmuk
248,fzlez
249,eckhn
250,bxqfc
251,ymhym
252,iyebg
253,ffzkd
254,gynhh
255,afzil
256,tisba
257,njtvo
258,mcbxn
259,davnb
260,hfaec
261,tzbvt
262,xgxfq
263,mddvm
264,vkurj
265,tkfsz
266,nlflj
267,hgtvt
268,gmhud
269,gndns
270,iwszp
271,sablf
272,huyfw
273,zdnkl
274,hgdvx
275,tiqzu
276,yvsxt
277,tsxcw
278,hfrhd
279,gryou
280,ifzls
281,qstwa
282,erppz
283,uzqkj
284,lbest
285,cgvvj
286,lridi
287,hcpss
288,dabuf
289,rghwy
290,zazht
291,vuyci
292,ezkfd
293,qxfkt
294,qgypn
295,ytfda
296,kbcwa
297,jxeqh
298,jrbnw
299,pxewf
300,rqyrx
301,foydj
302,yenbp
303,squzr
304,vyxpv
305,aqueo
306,nhpct
307,qcayb
308,iaptj
309,xqrlu
310,impxe
311,vgfnj
312,jwzvu
313,izhnf
314,irxec
315,utxvs
316,xuuii
317,vqgfd
318,uiaoi
319,jkhtm
320,zwmwo
321,uswzc
322,arhbm
323,idoss
324,jljqv
325,fltrs
326,azmyh
327,cylnb
328,demgi
329,qiqji
330,ghsgz
331,hxplu
332,cewtg
333,ralkl
334,wbokv
335,hyrym
336,ibtkp
337,ridwb
338,iwexj
339,lqxnl
340,zpeou
341,ykyef
342,khhjg
343,avdcs
344,gmtin
345,cudiy
346,plthm
347,drcuv
348,oefwt
349,gsbkb
350,txgce
351,nonly
352,gyxzg
353,orbck
354,ntpvd
355,bbsah
356,htiny
357,dfpvr
358,ucvxy
359,ypjzo
360,xkkek
361,rkalx
362,qkdel
363,sgzlp
364,hifxh
365,nbpqr
366,nkeed
367,lqxsj
368,vrhmk
369,iwyga
370,vxfna
371,iwbvg
372,jhjdo
373,cgbxe
374,fhtok
375,nbivo
376,ualps
377,kprrl
378,byqqt
379,etaaw
380,ctexg
381,sgyta
382,kjurg
383,xboad
384,cstlg
385,xomnu
386,omexa
387,vqooa
388,rleti
389,pnrqf
390,yxbww
391,zgebf
392,mogyv
393,ujjzw
394,wrqao
395,gjipl
396,bgxbl
397,rjsno
398,ydxqf
399,zizca
400,krtbu
401,uebkh
402,hkdgn
403,recgo
404,vlurl
405,qyrwm
406,mfhgz
407,kpkts
408,efepv
409,wyfwp
410,szpwn
411,wlmep
412,omtyk
413,xciqr
414,ebwwe
415,xojgi
416,izxhy
417,fkgjh
418,wgkdw
419,nchep
420,imppz
421,xsidc
422,ogatl
423,iubdb
424,anlaq
425,myajz
426,juogt
427,lmgly
428,komnq
429,xpimo
430,frjlz
431,ulpjy
432,dxsdh
433,ulnem
434,giwki
435,zabcu
436,tprnk
437,ybaoj
438,heffj
439,fvxjr
440,cfcge
441,dmokz
442,eoguf
443,ezcca
444,mmysj
445,drxwm
446,dwiaz
447,hkxfe
448,rvhbv
449,gfonq
450,hosvy
451,ojnfh
452,zefiu
453,reuce
454,rswpj
455,kkqkv
456,wxxmk
457,dayxn
458,jkaod
459,ajyix
460,rrlqd
461,tbhhr
462,raebg
463,gznsb
464,ubwrr
465,qmaxr
466,ozhqs
467,wwzkc
468,kgail
469,yxnkm
470,ogpph
471,qmvya
472,jubuk
473,szzjz
474,scsma
475,xvwsv
476,dfkrt
477,pvvwe
478,tvrhp
479,oiozf
480,cebwg
481,qizhv
482,zdbrt
483,zmsjv
484,ymlzl
485,arera
486,gcwda
487,qwdwk
488,jlsav
489,jvynn
490,ilbzc
491,fftnr
492,pfhst
493,exdzo
494,rxhet
495,kjcnu
496,fqzpj
497,qxihy
498,lcudu
499,tlwaj
500,xfjjw
501,drsmw
502,gysao
503,jbbai
504,yrbxe
505,xbbrl
506,efznd
507,ccdaz
508,zyzeu
509,rusur
510,znppv
511,mxkeq
512,hvboa
513,gossc
514,xdykv
515,pjbif
516,qhabm
517,kcvld
518,atsny
519,cjrxw
520,ozjyi
521,dkjhz
522,tkiuf
523,njzee
524,ozxti
525,dxozs
526,kosee
527,fgpzc
528,jlsqr
529,tvaag
530,mppbm
531,vlyrw
532,qowiv
533,sxpjx
534,axnmr
535,qngcq
536,jgxli
537,eqyay
538,hszht
539,ttdni
540,bidtw
541,uhqpl
542,ufxvt
543,ifogt
544,zrlvo
545,cfmmy
546,nfqhi
547,uyxbu
548,khpvg
549,qnhfl
550,zgobs
551,eihux
552,qhgce
553,ikstz
554,dnver
555,ntegt
556,jshaf
557,adakp
558,sedsp
559,vspva
560,uuoyq
561,spgyb
562,bkvfx
563,naipn
564,cruke
565,bvoal
566,bwhga
567,fvgrm
568,zlthg
569,ilfez
570,lpdgo
571,hsead
572,gbovs
573,gwpgs
574,uwloz
575,orovh
576,asavk
577,ruqhv
578,hsrio
579,znmef
580,yddou
581,kgbbn
582,grpph
583,iorgy
584,vyrek
585,jocjn
586,llzjp
587,ewjuo
588,jogey
589,rsxnp
590,cvqjq
591,aqksp
592,mzqfz
593,yztjt
594,arnck
595,cymkm
596,ovbxm
597,adxkv
598,pxigp
599,yrlrx
600,jdtyz
601,ovfsk
602,qnksb
603,mohyl
604,mtccs
605,vfbqg
606,wtdee
607,smzxx
608,jcadv
609,emlaa
610,nqwxy
611,kkefg
612,znire
613,yuylq
614,ccpst
615,rmkiu
616,ysvjz
617,eqocc
618,iymhl
619,jiezx
620,hyflc
621,nljwc
622,zzhht
623,smmoa
624,bmhok
625,pkivl
626,upbqg
627,dbgvh
628,vdjup
629,adoiy
630,rezqs
631,esyhb
632,vluad
633,lzdqj
634,xwant
635,tbjpc
636,unllw
637,myeof
638,pykly
639,vaakf
640,tcfle
641,vpgxn
642,lyasw
643,gnsgn
644,fujfn
645,fdopm
646,fwrxo
647,czpjk
648,loupt
649,ljzcs
650,dqisf
651,lxjni
652,cqqbs
653,meyuw
654,dxhmt
655,pcwzq
656,hisdi
657,hjqhl
658,hwqzv
659,vandy
660,ihflj
661,bopvk
662,kogic
663,ldmgf
664,bbwmr
665,bzrog
666,mewnw
667,fschx
668,xlffw
669,kaqit
670,gszfh
671,bormo
672,urcqo
673,hwnhw
674,hsvnk
675,ntaui
676,etblb
677,fnzwj
678,wfssx
679,zamvf
680,qlgpv
681,ohehu
682,bnzqh
683,hwpkm
684,reizx
685,ehyez
686,rwujy
687,awalo
688,tswnp
689,ngzrp
690,vvhko
691,brgtx
692,xpcjo
693,rxedk
694,qzbpr
695,elemh
696,jxvfm
697,yopyc
698,vjdbq
699,dhyyf
700,ocwrc
701,lbsza
702,gfctj
703,jsfkq
704,ppfrq
705,ncfde
706,pxskr
707,icrot
708,jeqgq
709,pclxc
710,qisty
711,zjawj
712,sizxc
713,dxmfp
714,mrtrw
715,uxzlj
716,qgkrt
717,ewftq
718,onwtr
719,wgtov
720,xysxf
721,ygdre
722,uzluy
723,wynkc
724,bcrtc
725,pezrn
726,khawf
727,vrcwg
728,heohk
729,xceyy
730,ojsac
731,vtnwq
732,gtcvn
733,xhmvc
734,lwiig
735,rgkdd
736,twzog
737,lhwmf
738,gxtay
739,jkdjl
740,pddxt
741,wngww
742,kzrxc
743,cznhs
744,hsumb
745,iydeq
746,eudgg
747,zuzsa
748,yswjr
749,jhdqk
750,ivdgo
751,zpmzi
752,xgffm
753,umxhz
754,varxp
755,vhqvk
756,rnooz
757,soseh
758,xqzvh
759,ptyzf
760,qmnro
761,rsvrg
762,nagea
763,ediuq
764,mgtnn
765,vrpia
766,hfeqv
767,nwthy
768,kpurh
769,redxi
770,xpruw
771,fdcdh
772,qvpkw
773,bynnl
774,qjuxr
775,tdzjp
776,nezkp
777,ooqre
778,wqxvb
779,ljrpd
780,oankf
781,gxtvn
782,mlxyp
783,ahffi
784,rxzri
785,njqfs
786,ztaeg
787,tefpm
788,opqvy
789,mifzu
790,amahd
791,qidlh
792,skwfd
793,izvja
794,hiuhe
795,rtqrp
796,lilco
797,bhheu
798,ltwfd
799,punns
800,uecaq
801,mgscy
802,dvoqu
803,gpxip
804,kbagc
805,zhbce
806,ckcjj
807,kzgfn
808,ewqod
809,rrfcy
810,mpzto
811,remea
812,xvuox
813,ygbrr
814,rcwfr
815,rpngt
816,tqylc
817,xpswt
818,rpyky
819,tbroe
820,lewvr
821,zxqzv
822,rwuch
823,mzmtv
824,dtmjs
825,gfjaz
826,dfijo
827,zfzjh
828,nbaxw
829,kbcvx
830,kxrqc
831,utmtq
832,obsna
833,vlqaf
834,utcsi
835,hbqwe
836,tfbne
837,xvwqc
838,vhxjr
839,cqosx
840,acyjv
841,urctm
842,fxrpo
843,fponk
844,gejmn
845,xgwzr
846,lwmye
847,noivq
848,hdijq
849,mfheb
850,pakvt
851,mztmt
852,nsgvg
853,wnjdj
854,boxaq
855,jlxeq
856,xcdhw
857,gipeb
858,lnjaa
859,xedej
860,jysjp
861,tmfeq
862,pqfyg
863,odymn
864,hzvec
865,aazhp
866,yroqy
867,lpyiv
868,asbqa
869,dursz
870,ptulb
871,fzhib
872,pclhm
873,msymw
874,bkkly
875,oummz
876,jyfuv
877,nolga
878,rdaqq
879,sbjqb
880,golhp
881,coadr
882,vsrvi
883,isroe
884,hivqh
885,lytfi
886,vwxac
887,njnxl
888,uupel
889,jcjju
890,nkcum
891,yazem
892,gaftg
893,leerd
894,nmzfv
895,gxqfm
896,nnwto
897,hettc
898,fzsyj
899,pxqdg
900,ywmns
901,pelgz
902,sjcsd
903,tzeiu
904,pkvrr
905,tqzvd
906,iiagn
907,qioxi
908,xhhhw
909,qwevr
910,ksmfb
911,brmax
912,wrjza
913,yugxf
914,nxyby
915,cwznr
916,nxwrg
917,eogou
918,nzgqf
919,cletn
920,hoiue
921,uhusu
922,negqa
923,rjkxc
924,qtgff
925,xlzvk
926,wvhpl
927,tenby
928,xziud
929,rsjkn
930,bxvso
931,cjyqc
932,viptf
933,jcwon
934,wpvzx
935,kdgrm
936,rcvkz
937,fpldw
938,bfkqn
939,mbkvz
940,jnevu
941,ihkse
942,pdkng
943,ywoys
944,fnadq
945,huqmx
946,sxueb
947,kxefv
948,svdva
949,mapxs
950,dxene
951,yuhmx
952,aoxkn
953,vjdwl
954,loitu
955,xfiwk
956,srjfg
957,maste
958,rwzgx
959,pdhjy
960,txuhd
961,zvfrx
962,xzzvq
963,tjifh
964,rxxrn
965,nidvm
966,wxiqu
967,cqpjv
968,tahqv
969,hxtyx
970,mstzw
971,gjbni
972,snshr
973,qvgid
974,qbdbp
975,ddarb
976,pvnhy
977,nzktm
978,hpbee
979,rjfnc
980,fefdj
981,ebken
982,knwev
983,bnlwm
984,xwmqg
985,uwdbv
986,ysork
987,bunxb
988,anacd
989,dnsii
990,zwyfr
991,lvnvv
992,axdke
993,wxvay
994,pjuvq
995,rduet
996,yxmym
997,rcezi
998,znqng
999,rvzjq
1000,jbffz
1001,geuqu
1002,nxgrl
1003,bumst
1004,dftid
1005,qiqyr
1006,xyiaq
1007,ynkyp
1008,gjguu
1009,kxtse
1010,nsiyo
1011,vhesk
1012,gkjdp
1013,coobw
1014,qjwys
1015,hxyoj
1016,uyxyj
1017,gpwcc
1018,pdtmc
1019,aydoh
1020,scgbm
1021,xgatk
1022,gomdv
1023,uqrhu
1024,mujfi
1025,kqcim
1026,pcadq
1027,rkrnp
1028,jdzbu
1029,tdjlj
1030,ohvrx
1031,rquqb
1032,jvqps
1033,jexhj
1034,cnkep
1035,xzjnv
1036,vuxdq
1037,inudf
1038,oxzpa
1039,trbzx
1040,dprjn
1041,uppxf
1042,uaxyi
1043,rtdbr
1044,onbas
1045,etvbp
1046,zcawn
1047,qjyvi
1048,dsnjq
1049,qddws
1050,xaqlw
1051,vwzqj
1052,hygnt
1053,xqisf
1054,vztii
1055,obkkw
1056,mrohv
1057,xdlyd
1058,sciux
1059,kuwgb
1060,tbbnd
1061,qfygc
1062,fkfke
1063,oagac
1064,fuuov
1065,mfvfh
1066,pbbid
1067,mikso
1068,irfxd
1069,tiqqt
1070,wslbf
1071,cyxsk
1072,sapqc
1073,jctec
1074,gquii
1075,kracy
1076,xnwkw
1077,lvuom
1078,jwchr
1079,gmaqf
1080,hcoru
1081,qmohl
1082,qdglw
1083,tkwzb
1084,mqkin
1085,rvoye
1086,rjpmw
1087,nbnnp
1088,tofku
1089,khhbk
1090,uaoce
1091,wvdwe
1092,ixbbh
1093,skygu
1094,pxkmb
1095,xwfmy
1096,ytnrb
1097,xdpzd
1098,lrmqu
1099,jlmfn
1100,fubfo
1101,ijsxx
1102,ruozl
1103,tgcar
1104,vmsau
1105,nyzhu
1106,ldxod
1107,ftkht
1108,ddhsg
1109,vbkda
1110,yqawu
1111,nppvr
1112,iehlr
1113,ahggj
1114,djmli
1115,jowpw
1116,ftlhm
1117,mjpat
1118,yocxc
1119,npqjo
1120,pjprx
1121,mfhyg
1122,cybgx
1123,gbqju
1124,aqleb
1125,noryb
1126,rlwvi
1127,ahcps
1128,ayxxj
1129,pdchj
1130,hsjfy
1131,kqnox
1132,havul
1133,xysxq
1134,lezre
1135,kwtab
1136,absby
1137,zwmnx
1138,phwqi
1139,zfcqf
1140,emlmm
1141,dzfds
1142,szxqu
1143,jmbno
1144,wkonc
1145,oilya
1146,vrifs
1147,jabtm
1148,bxcvs
1149,irski
1150,ulgee
1151,igslv
1152,mjogz
1153,gwhbr
1154,azwyv
1155,yklnh
1156,ifntd
1157,emehq
1158,jdonn
1159,koqbl
1160,jvzwa
1161,fpebf
1162,pbuao
1163,ldpdm
1164,jlibi
1165,mxeet
1166,zhwpt
1167,ndzrp
1168,vkgqe
1169,rbbib
1170,thyih
1171,bsuqo
1172,qnuzp
1173,qntcn
1174,lcvio
1175,aondj
1176,lnfxi
1177,eesbz
1178,artfb
1179,qimhi
1180,hqqnf
1181,dvnda
1182,wrryi
1183,feljr
1184,jjfwj
1185,sugbk
1186,ejsji
1187,nvpll
1188,uijjd
1189,wqhaa
1190,yiemx
1191,fzlxc
1192,lempc
1193,rdahs
1194,tolfk
1195,phjsf
1196,gzndh
1197,zdhgh
1198,chacn
1199,oyjmk
1200,uwolh
1201,qppgc
1202,ehtgh
1203,scgng
1204,cynse
1205,ndobv
1206,xcmrm
1207,fsrzf
1208,nmspq
1209,coaps
1210,ujcgn
1211,ahdfg
1212,wtejz
1213,otcfq
1214,mbmby
1215,bwfeo
1216,krvnh
1217,oykkd
1218,lxpoh
1219,zobjc
1220,pumpj
1221,rikmv
1222,vmemz
1223,nnrux
1224,pbnac
1225,reozr
1226,brdad
1227,bqypf
1228,cjfgs
1229,vtcdm
1230,pawti
1231,lmzzx
1232,gvsjm
1233,fhctn
1234,nleiv
1235,llhvs
1236,cftcg
1237,jtwga
1238,fwmpe
1239,eaqms
1240,jqdsj
1241,bukpn
1242,ahcbc
1243,brwcw
1244,xhwsz
1245,kztzy
1246,kpxaa
1247,kbtej
1248,ablpa
1249,ovesm
1250,dcadr
1251,bnbws
1252,mkkmx
1253,nrgmk
1254,ukauk
1255,pzuuu
1256,nuwcn
1257,pjfjs
1258,jkmdi
1259,rzino
1260,aivum
1261,xipfm
1262,vskle
1263,slnhx
1264,djjgc
1265,miupv
1266,gfaqh
1267,tputw
1268,niqpr
1269,tkqla
1270,pxhet
1271,kttvt
1272,pirkd
1273,cpnqx
1274,klcux
1275,coyye
1276,dscgp
1277,nnfhz
1278,mgmxj
1279,zagcl
1280,pzfke
1281,zficy
1282,yeeqi
1283,rqfoe
1284,bsnlq
1285,shjff
1286,wyudq
1287,pqyaa
1288,mqutb
1289,jvzcd
1290,ajajv
1291,mpzqi
1292,ndnmz
1293,dshds
1294,knqrv
1295,qipnt
1296,ljhko
1297,iocsm
1298,hmrno
1299,pgajd
1300,gqbvq
1301,yatpe
1302,nqclp
1303,immfs
1304,kxwyd
1305,fkmkh
1306,irlot
1307,dosna
1308,mhzmz
1309,bselq
1310,evsaw
1311,nolnt
1312,vuzij
1313,kebqt
1314,iemcc
1315,tpcdg
1316,ftqqq
1317,pgqfm
1318,smxgn
1319,avvlb
1320,hxakt
1321,delqa
1322,cavhy
1323,oxiux
1324,garsd
1325,dfwdh
1326,amhkb
1327,lohlw
1328,evwxu
1329,uwdad
1330,qkqrv
1331,evobh
1332,eglrv
1333,jcxhy
1334,kenua
1335,ugxum
1336,lxvls
1337,wwgul
1338,indrr
1339,mhkya
1340,fzzlh
1341,flpax
1342,bdcon
1343,mmmto
1344,klplu
1345,uxtjy
1346,nbvir
1347,utlsh
1348,dbiwl
1349,tvxpv
1350,bndcf
1351,dogzn
1352,chuvh
1353,cwvlk
1354,pzbab
1355,garut
1356,szyio
1357,mhzqy
1358,siqes
1359,wivkg
1360,kopjt
1361,apnek
1362,sgczm
1363,sglhi
1364,yzckj
1365,nubpm
1366,zyubj
1367,dsfsu
1368,rjefd
1369,pswwb
1370,onvbl
1371,ebyze
1372,qwkyp
1373,degii
1374,hiefq
1375,javsh
1376,bigxk
1377,smtwl
1378,azywt
1379,agmtl
1380,opgxr
1381,ymcyk
1382,zpwch
1383,kelln
1384,bwmko
1385,nfaxy
1386,whdlm
1387,pusyz
1388,hicck
1389,rxqvj
1390,vavrx
1391,vbqtc
1392,gpysj
1393,ogskt
1394,gqmcy
1395,cstuq
1396,whlqn
1397,qkegw
1398,chtms
1399,kllon
1400,ntrfz
1401,icbjs
1402,hpuwk
1403,wfreo
1404,rqaqh
1405,xtmao
1406,uypab
1407,mjzgd
1408,llkkz
1409,stzza
1410,mawze
1411,bkhqk
1412,bwldo
1413,cttnn
1414,twiui
1415,rgjcx
1416,npbhg
1417,iciyi
1418,hjdal
1419,gedkq
1420,gnjfs
1421,aigog
1422,orrkz
1423,hagak
1424,asfkq
1425,tclmb
1426,lorgi
1427,esxlq
1428,zkhtn
1429,pnwvp
1430,kpwsx
1431,xsdki
1432,bdjug
1433,refns
1434,icfgv
1435,xnkmz
1436,goyvu
1437,uuzye
1438,zexxs
1439,zyrxn
1440,erjuq
1441,cwgom
1442,gkpzp
1443,srznv
1444,frrnq
1445,wdvpz
1446,ufbol
1447,czzsw
1448,kbisd
1449,djsxc
1450,alidi
1451,xakja
1452,omdnk
1453,vpfsa
1454,ksvke
1455,wsucv
1456,clqtk
1457,kljvo
1458,dxorq
1459,xxtzc
1460,amiws
1461,uxwvn
1462,qnxmd
1463,qzued
1464,agskd
1465,jxfnv
1466,wbdtc
1467,annxp
1468,vrpkk
1469,vpjpu
1470,rbloe
1471,kbwcu
1472,apqts
1473,ajlgy
1474,uzclo
1475,adkqk
1476,llpng
1477,ekcuh
1478,mzwvi
1479,nwnmz
1480,yczry
1481,slhkr
1482,yalcf
1483,dkvxe
1484,senwa
1485,ogrtr
1486,rhbpk
1487,ixnep
1488,aauzh
1489,lxjdh
1490,qjekh
1491,jyvab
1492,qbdan
1493,zkyvv
1494,rxvyc
1495,bplqk
1496,stqjz
1497,vstim
1498,heyic
1499,wzknz
1500,jxmjj
1501,ctcuq
1502,ewrfb
1503,quyah
1504,ljhfm
1505,rqtna
1506,yqgux
1507,lfeik
1508,pmvvm
1509,qcftl
1510,qptib
1511,qsenn
1512,xzquv
1513,zuonr
1514,uprao
1515,mquct
1516,nhwtk
1517,qhkyu
1518,ybkbv
1519,dqfqn
1520,smvbm
1521,otbxg
1522,qzbqu
1523,zhxog
1524,kdnqw
1525,hazwx
1526,vmkfm
1527,gzmvw
1528,zoxrv
1529,tsemc
1530,rcjeu
1531,uzymd
1532,iurzj
1533,tnujn
1534,heycc
1535,jelct
1536,vpqcf
1537,irvba
1538,gufmv
1539,hneuy
1540,wsuaq
1541,ckpnh
1542,eocde
1543,dosmi
1544,jyxvl
1545,yhgmw
1546,xgrax
1547,syfbf
1548,pglxg
1549,kywjq
1550,wxtgc
1551,cmmdo
1552,xhdtt
1553,wukad
1554,qvmzn
1555,zhwhp
1556,gjvmr
1557,dtjmg
1558,tiqze
1559,gwpyf
1560,urwma
1561,zwclt
1562,uxzmu
1563,qizlc
1564,yznda
1565,syvns
1566,honef
1567,qvatk
1568,njvea
1569,qsakp
1570,ntwdd
1571,vdagi
1572,rzvfc
1573,cesoh
1574,bihsl
1575,halaw
1576,ydqem
1577,cnufz
1578,tuhbo
1579,gjamz
1580,hqizp
1581,gwxol
1582,fqszt
1583,ubrin
1584,njbax
1585,klojd
1586,ajgkr
1587,puzkg
1588,rldze
1589,vyxgt
1590,aktow
1591,idbmz
1592,tjhbc
1593,bmwod
1594,jdvkj
1595,galwq
1596,ndjmb
1597,wmzhm
1598,hdgsu
1599,lqsnv
1600,vgvsx
1601,zzvar
1602,gylwn
1603,jdjaa
1604,eimni
1605,imbdj
1606,qluul
1607,bdvre
1608,hxbvr
1609,byrkd
1610,dbyxl
1611,adfbb
1612,dxkwn
1613,qlvic
1614,kyxvm
1615,bmzrp
1616,umref
1617,ulurn
1618,ifdyl
1619,gieah
1620,lirjt
1621,vctpe
1622,ejfzs
1623,omvtj
1624,powzc
1625,rpmvn
1626,xdsmc
1627,rrjhm
1628,cvnqg
1629,odqsf
1630,pfhrs
1631,wargc
1632,rvlcf
1633,zctnl
1634,ixgow
1635,vdecu
1636,ejkxt
1637,vbpat
1638,oefpj
1639,taorv
1640,omayj
1641,ajyqe
1642,bvgot
1643,wgotb
1644,fyufo
1645,vfifv
1646,czgiu
1647,tmjfb
1648,kkkkl
1649,xywcn
1650,dswlk
1651,usjya
1652,kbhlp
1653,ojbus
1654,gcbzk
1655,tibqh
1656,lmqcb
1657,hktcl
1658,jbphn
1659,ljgnf
1660,flekz
1661,unqpt
1662,iujrd
1663,kqbko
1664,fkexf
1665,uvdfl
1666,fxchv
1667,ejhok
1668,tzwcd
1669,pnyme
1670,udhhi
1671,cnkfg
1672,pzgdw
1673,opspw
1674,wkrra
1675,hacyz
1676,treds
1677,ktqzr
1678,hcrcf
1679,jyxtw
1680,ltgkg
1681,gmtwz
1682,hwrra
1683,fjbmn
1684,oskhy
1685,qfpit
1686,pxpuc
1687,uwoso
1688,jotjs
1689,udvpg
1690,jcsvr
1691,yqqcl
1692,drrxo
1693,rrdgv
1694,ndpbt
1695,jofxj
1696,bzouw
1697,qmzbh
1698,taakn
1699,kugnq
1700,xidpo
1701,smals
1702,ugize
1703,fhpgg
1704,ahnrp
1705,hvpny
1706,smdte
1707,wwrqo
1708,tlbln
1709,ttndg
1710,wblsx
1711,yrrbv
1712,ykfrs
1713,remmq
1714,aeqjk
1715,iprga
1716,pkkyu
1717,tgzld
1718,fodsp
1719,plxwu
1720,vztlk
1721,kgfua
1722,ngybx
1723,pgvwn
1724,pcioq
1725,xalie
1726,cudks
1727,qbylg
1728,akddz
1729,vnmre
1730,ydeid
1731,wunnm
1732,llpmm
1733,qabfm
1734,rqkcl
1735,qpfhc
1736,zggwv
1737,clwpb
1738,ndmbe
1739,hwhzi
1740,sdiia
1741,sdqey
1742,umilg
1743,okecp
1744,brxkb
1745,tvalo
1746,mtgkb
1747,cfrev
1748,gvzrd
1749,gubmh
1750,pgjiu
1751,nmqml
1752,gbxuz
1753,mgwpp
1754,fvkqi
1755,miviu
1756,mryyz
1757,yrxzp
1758,goyjw
1759,bnwwx
1760,subfh
1761,qeozs
1762,hsyrt
1763,wnjga
1764,mhzuf
1765,srddt
1766,dptqx
1767,ckopb
1768,bgrjv
1769,vafkl
1770,otzvh
1771,inruu
1772,qgpah
1773,pnbqb
1774,jtwln
1775,cmfbe
1776,aiexf
1777,symut
1778,ebeeb
1779,pxtmm
1780,dyufk
1781,uwrai
1782,wklmf
1783,clfek
1784,ogvbm
1785,vfnws
1786,ctwyo
1787,guxwq
1788,mlioi
1789,xqjbo
1790,gdiiu
1791,gukxo
1792,rstfm
1793,zoaui
1794,qtgnz
1795,khjfm
1796,gksrc
1797,vqtph
1798,rgxpj
1799,hfhur
1800,kzcqm
1801,bbtoi
1802,rowrp
1803,umeau
1804,qnhaa
1805,bmllk
1806,ochqy
1807,dpmgw
1808,pqfba
1809,kmrrg
1810,flggl
1811,aiyrr
1812,xumnb
1813,bvtqj
1814,eavkq
1815,khned
1816,xirms
1817,jnhmr
1818,imbea
1819,ekmuh
1820,miiei
1821,ipged
1822,wqahj
1823,fmdww
1824,foibf
1825,vpwul
1826,zmfpm
1827,rmdeb
1828,fbgyt
1829,jocip
1830,wjluo
1831,fnipe
1832,ycrus
1833,huqsp
1834,iqvah
1835,lueuw
1836,nkvod
1837,trqlf
1838,cmpuf
1839,nahgg
1840,wjurl
1841,jrgvq
1842,oauli
1843,veyyy
1844,jquqs
1845,baafg
1846,gawpz
1847,ohjmw
1848,fucpg
1849,bynjf
1850,fgzet
1851,xrcly
1852,yovkj
1853,akaqj
1854,ntymv
1855,harpq
1856,ufdrv
1857,rxzgv
1858,zbman
1859,fdtum
1860,poqrs
1861,tzimu
1862,gwpxz
1863,wrkzb
1864,ptsny
1865,audoc
1866,hpqls
1867,rybgx
1868,thxjm
1869,xwxba
1870,zfxsh
1871,vkswo
1872,btufi
1873,rmycj
1874,xegvu
1875,hwhdk
1876,flnpf
1877,xnelv
1878,jzogi
1879,gwfoy
1880,axaqp
1881,piqzj
1882,cfqrn
1883,ielxs
1884,oregd
1885,pxwwg
1886,yvdtc
1887,goypj
1888,rlsbg
1889,lnjgw
1890,aclap
1891,ywojt
1892,dnvzf
1893,vvqsy
1894,wanvu
1895,llcwc
1896,dqezw
1897,bwash
1898,rdkih
1899,lunfh
1900,lsath
1901,fdmet
1902,ifzju
1903,rizns
1904,lovzi
1905,iouaz
1906,wxbiq
1907,jncaf
1908,kbbpg
1909,fwqhf
1910,mudxc
1911,bbycw
1912,knjoc
1913,vboov
1914,zqtnv
1915,qhaqx
1916,zgdyj
1917,lbgej
1918,zjopm
1919,xizrq
1920,gqthg
1921,uetsa
1922,ybcwh
1923,jpajn
1924,ylbqo
1925,vwndb
1926,djped
1927,kaqkk
1928,hjays
1929,sgsbl
1930,vobzx
1931,xrdqh
1932,jenva
1933,xmgor
1934,qzjdf
1935,sveif
1936,kkpyg
1937,pvmrd
1938,vfsdf
1939,cfiha
1940,nqopp
1941,xvqwp
1942,xaiuk
1943,pewhv
1944,ishjw
1945,dlecz
1946,yhzzq
1947,kjmjj
1948,eihnf
1949,rzhtn
1950,taler
1951,tltwo
1952,xzmbq
1953,lrrai
1954,yclhd
1955,turse
1956,mhztq
1957,qapja
1958,cjrya
1959,stsmj
1960,zycvu
1961,tfbpu
1962,cyuzg
1963,ytkzz
1964,tpquw
1965,svmzp
1966,xgneg
1967,wdavl
1968,sfvdt
1969,twprn
1970,bwftp
1971,qgvkz
1972,pgdqw
1973,mdbdq
1974,bdywj
1975,gyzts
1976,whnkx
1977,lguux
1978,whaqo
1979,hmtkm
1980,hutot
1981,inuag
1982,jjqjq
1983,qmisc
1984,auzlu
1985,kcqxr
1986,elxrn
1987,dhnyl
1988,lqqup
1989,oophq
1990,xvsgu
1991,rivqm
1992,tdujo
1993,aqmjl
1994,ezoto
1995,qkwan
1996,uwwpp
1997,rsqak
1998,sfflz
1999,unqgj
2000,dbpwe
2001,icvbd
2002,pnyyf
2003,uxncl
2004,vqpny
2005,npjns
2006,xwfdd
2007,cozmz
2008,ibxxw
2009,xoneg
2010,lcoyk
2011,gqzlf
2012,fxnql
2013,ahtit
2014,elqaf
2015,hvnac
2016,dmnov
2017,nabnv
2018,icriu
2019,gsqgc
2020,netqb
2021,mrjwz
2022,rwsob
2023,omikr
2024,btgut
2025,uhkyf
2026,oqkuq
2027,iufxd
2028,lzsop
2029,ywedo
2030,kuyng
2031,uoces
2032,jmxfr
2033,olrda
2034,afeta
2035,dotpm
2036,gejif
2037,qwpzb
2038,zrwbk
2039,ffcvx
2040,oupos
2041,yrgmh
2042,znjaj
2043,ogurk
2044,zzyxj
2045,ztyui
2046,cjzhi
2047,relpe
2048,altvi
2049,bavxo
2050,xbfzq
2051,cqgfi
2052,hneeg
2053,yjbbd
2054,xxljn
2055,rjdmz
2056,hqiuf
2057,htmuh
2058,ndvyv
2059,gaukq
2060,ydlfl
2061,oseih
2062,zagqj
2063,yeokz
2064,bedod
2065,yaemb
2066,ymxoh
2067,qlvts
2068,jjasf
2069,vyiou
2070,gplre
2071,wqqlm
2072,kciyl
2073,lduuo
2074,bykst
2075,scpbg
2076,awdwj
2077,ixdue
2078,cwrla
2079,ifqpf
2080,mbxyp
2081,wshzp
2082,rqpfd
2083,htdhn
2084,avnjm
2085,qwnjf
2086,vjlkd
2087,norkx
2088,wmpip
2089,mfhhk
2090,dtbvq
2091,jazqw
2092,ixwvu
2093,byaxu
2094,ywtmx
2095,oqxrh
2096,fziax
2097,liedq
2098,pnxyu
2099,duidr
2100,meevx
2101,hbmea
2102,zwkaq
2103,poflb
2104,vhsle
2105,llvfl
2106,zamql
2107,rhzwt
2108,nlxpg
2109,vcins
2110,fvmyz
2111,yponk
2112,vtryt
2113,pxkhe
2114,oaamx
2115,kpbvn
2116,wqmwl
2117,vqing
2118,smsdl
2119,kfwoi
2120,fehvg
2121,ahdqx
2122,ednce
2123,saeeu
2124,yrnni
2125,zugbg
2126,ulnjv
2127,mqmkj
2128,xlgzu
2129,ghgfp
2130,tzwyg
2131,wruvv
2132,cvgsx
2133,gzgqb
2134,udwqr
2135,hwnqr
2136,vigsd
2137,cdqlz
2138,xonri
2139,wuyps
2140,dkrpw
2141,sehwq
2142,jhctk
2143,tvwus
2144,jcjzs
2145,zunev
2146,uriaf
2147,fxewm
2148,xqoix
2149,unsfy
2150,pvtqv
2151,wqlcn
2152,ggbxk
2153,lwolu
2154,wljsv
2155,mcvup
2156,zgkzg
2157,jgmic
2158,idsgn
2159,stcdi
2160,xtrgx
2161,twkwn
2162,omzag
2163,sypfg
2164,mcvty
2165,zwfnt
2166,ihtds
2167,mgsmh
2168,iwkxo
2169,mncps
2170,dyxyf
2171,haetz
2172,wblex
2173,kbqtu
2174,rphfx
2175,pxpnb
2176,dipeo
2177,ufuyl
2178,wihew
2179,agiza
2180,oyxqr
2181,xsgmi
2182,qygbq
2183,nohyn
2184,ckzpo
2185,lpzox
2186,ptdhq
2187,aqifb
2188,kwkpl
2189,nkutg
2190,huqym
2191,gxfyv
2192,bhoji
2193,gwqrv
2194,pbwmg
2195,yfocg
2196,jcvpt
2197,zddvl
2198,wzumj
2199,wjbjl
2200,wlgij
2201,rseym
2202,zbzyo
2203,lcqjq
2204,fsdrd
2205,owyrv
2206,cxxqc
2207,hrzyc
2208,gjudx
2209,lncpp
2210,ufvrl
2211,aqlep
2212,dmjdz
2213,ipizd
2214,imdju
2215,dbwed
2216,yizyy
2217,nrwdb
2218,intji
2219,lrfez
2220,ssgen
2221,qjgzw
2222,pjybx
2223,uhhin
2224,nyhbg
2225,ehjgb
2226,wuqxf
2227,lxmwn
2228,eatou
2229,vvsfe
2230,aauvy
2231,smaeo
2232,nfkre
2233,urlqo
2234,mahtb
2235,aqgab
2236,hmsew
2237,cnyio
2238,ymjax
2239,szmng
2240,okmjh
2241,sdlnf
2242,kpjoo
2243,jqgvx
2244,lzbqd
2245,wgcbh
2246,ozern
2247,bwlky
2248,yyimh
2249,widmu
2250,tgmov
2251,kyuso
2252,zwnlt
2253,ykrdl
2254,oxivd
2255,hilfj
2256,kisgm
2257,ogakt
2258,lboqm
2259,wedrt
2260,hacmt
2261,ocxwo
2262,npttr
2263,ohgkp
2264,dtaza
2265,kimlh
2266,vvctc
2267,jzcwi
2268,dfjdv
2269,mtajp
2270,qivha
2271,qyrnm
2272,otnuj
2273,oxuwr
2274,jkxhy
2275,oszng
2276,twqps
2277,nknht
2278,skfxc
2279,hhwep
2280,doukp
2281,yavdc
2282,pdeyc
2283,qzfja
2284,cfaxv
2285,dradg
2286,rxcmq
2287,vouhe
2288,sxlol
2289,yuimi
2290,hszhb
2291,oybgq
2292,ltscp
2293,tepde
2294,ejhap
2295,zxqod
2296,xghsh
2297,suiwf
2298,iqbje
2299,infrx
2300,sbjdw
2301,dyjgx
2302,lyhgo
2303,ovbkc
2304,cxisr
2305,cutwq
2306,lcmuq
2307,oosoq
2308,ndjbe
2309,idbjd
2310,btsvr
2311,mcxwg
2312,glloo
2313,yhybt
2314,kchjw
2315,whgff
2316,oerei
2317,yglcl
2318,ngyle
2319,fmcoi
2320,nwjxs
2321,tkcow
2322,fubxy
2323,iltzy
2324,xyohq
2325,vdizv
2326,bbjoa
2327,vnsxv
2328,nehjm
2329,bomjm
2330,pbscj
2331,uekzg
2332,iodxl
2333,kaapg
2334,bcmwu
2335,fuxqi
2336,csrje
2337,ojvri
2338,ylfqm
2339,yfygg
2340,qrcun
2341,hhxax
2342,wtrka
2343,vgdie
2344,dnzkn
2345,dqbel
2346,gpvib
2347,tpjyj
2348,kfobs
2349,ctnec
2350,jmmfx
2351,nlibn
2352,ervdd
2353,fklld
2354,jvveh
2355,edjqj
2356,trlyg
2357,zbuxf
2358,hsfyq
2359,nekpi
2360,nxtle
2361,tnjsh
2362,cyetb
2363,qapgx
2364,yhfme
2365,xxddb
2366,bjxty
2367,hbpfn
2368,cyafv
2369,cfaom
2370,zcvev
2371,gturg
2372,twytr
2373,ebnld
2374,mwvcv
2375,qpnwp
2376,omfne
2377,dfoea
2378,opyqt
2379,adyhw
2380,vdogp
2381,huqlo
2382,cbbac
2383,caehc
2384,ejxqb
2385,zgmce
2386,wqdfr
2387,anfao
2388,uatut
2389,mpfqv
2390,hjjzi
2391,bvfnv
2392,edbea
2393,gmyfa
2394,hkgaj
2395,fmure
2396,fnsjh
2397,exjej
2398,umenm
2399,xnhga
2400,noeih
2401,rovzy
2402,sgdwm
2403,wxuff
2404,nowec
2405,czzfv
2406,zxibo
2407,hmiho
2408,imrnz
2409,wkanf
2410,gjxff
2411,ryycz
2412,lwyiw
2413,xccvy
2414,uyzcm
2415,aiyfv
2416,xezas
2417,ogcbd
2418,tvzvi
2419,hhatj
2420,scrah
2421,uhkqz
2422,kvpzw
2423,tlqap
2424,ltvyz
2425,sbuca
2426,fkrhu
2427,gaywd
2428,wrmbu
2429,xhgjw
2430,egaqu
2431,zkeqa
2432,zbhyt
2433,chgqu
2434,xndwd
2435,fkylz
2436,fheka
2437,onxjd
2438,uzisi
2439,ixqln
2440,qyjzl
2441,psbje
2442,whcrl
2443,ngnlh
2444,rsxnz
2445,fbogs
2446,qggqq
2447,qpofn
2448,aytze
2449,yzyow
2450,dvnip
2451,vhbrx
2452,yaoxq
2453,cfvep
2454,cuxwu
2455,tjpgr
2456,qgqrj
2457,gwyot
2458,bcktp
2459,shsrw
2460,mxmjy
2461,juusx
2462,kylzq
2463,jzfuc
2464,apdfp
2465,fxqdf
2466,ftqkr
2467,ywoib
2468,sxdml
2469,aiaoo
2470,srkks
2471,flbgb
2472,ahabt
2473,teavv
2474,ckqep
2475,wurja
2476,dkuya
2477,tdsjl
2478,jyatm
2479,veeqb
2480,lwvnn
2481,vvygz
2482,ukbqa
2483,blylo
2484,aoufr
2485,cqjzn
2486,ijhdm
2487,rxvfc
2488,keqwx
2489,fgrnf
2490,rbqdn
2491,kskrf
2492,xxtnh
2493,asjgm
2494,bxlfl
2495,vtzow
2496,oaldu
2497,zikci
2498,ujhuz
2499,avhmb
2500,riujc
2501,mmcut
2502,jsipk
2503,ihwxy
2504,dfgxl
2505,klydk
2506,jhisp
2507,rhjqx
2508,zdhib
2509,ejfee
2510,dgvxf
2511,xjclh
2512,mxsqp
2513,cutma
2514,wxusw
2515,fsttl
2516,tkoem
2517,ekiyd
2518,hycuf
2519,fyfmh
2520,drdeg
2521,qypmd
2522,deltw
2523,viugt
2524,sifjx
2525,xdhod
2526,bcpeb
2527,zykxg
2528,lxlob
2529,ppxgn
2530,qixql
2531,oekfc
2532,idshx
2533,zhmmw
2534,ihrju
2535,zzsna
2536,zzxjl
2537,zeutg
2538,hujld
2539,ygqwt
2540,tafwe
2541,wxjqp
2542,allsg
2543,xmacw
2544,knoaf
2545,odxqn
2546,bgwbi
2547,omztk
2548,snpdu
2549,fphyt
2550,fckat
2551,tdzdp
2552,fgbej
2553,vntcg
2554,bvebe
2555,gmljy
2556,vtheb
2557,bpasx
2558,bibsp
2559,ovygj
2560,kwlxx
2561,hfixi
2562,jcvtm
2563,ajfpr
2564,etvqy
2565,xyvhn
2566,phxlu
2567,ugmxi
2568,zbwxx
2569,qhjfw
2570,yiymk
2571,wbkwg
2572,fnnnz
2573,nxwkm
2574,pwpnf
2575,ylmqq
2576,xutib
2577,vbpff
2578,wvemu
2579,cykxm
2580,hsjoi
2581,eecfk
2582,xhxpy
2583,rtlkh
2584,rjvhz
2585,oerii
2586,vjqmm
2587,iyngz
2588,ibayw
2589,vaebl
2590,oqqov
2591,wbopy
2592,lveot
2593,bckzk
2594,kqfwr
2595,iysqg
2596,mjbjv
2597,rddui
2598,vhmpt
2599,flofe
2600,hvbre
2601,itcps
2602,hnnhs
2603,ypbqd
2604,uabsi
2605,muubc
2606,qybow
2607,ekymc
2608,knakm
2609,avpxw
2610,jaztl
2611,spksg
2612,pkryx
2613,vxnml
2614,wipjb
2615,zdadx
2616,dubzi
2617,bhqzf
2618,uggnr
2619,atyls
2620,pmhcg
2621,yztkr
2622,dxlbz
2623,mxvfk
2624,chsot
2625,mzisl
2626,avmet
2627,jtynm
2628,kfrzu
2629,vkyav
2630,vaoof
2631,dpgiw
2632,muyqh
2633,czild
2634,cbzxv
2635,pkask
2636,oisaa
2637,cazgq
2638,rjdjz
2639,zehqh
2640,ksbjv
2641,fiiju
2642,azqqo
2643,vegwy
2644,hxelv
2645,msoew
2646,goely
2647,kzngg
2648,ymtuz
2649,kxwps
2650,gybma
2651,otrty
2652,mgwai
2653,bgjmw
2654,dizry
2655,ninfd
2656,vzdxy
2657,lxxig
2658,mvjdh
2659,owsjo
2660,jjxvi
2661,hampa
2662,knufy
2663,xxfzh
2664,pmoqa
2665,cnwcb
2666,vpspm
2667,qyzff
2668,ysfuv
2669,dbvpq
2670,ceovw
2671,gjhje
2672,zuavw
2673,teqhg
2674,cpiqm
2675,eqbza
2676,enlgc
2677,wuful
2678,qarxw
2679,fwqjs
2680,zqaij
2681,drqhv
2682,vhtag
2683,durav
2684,uokja
2685,gcwqn
2686,mnnyc
2687,bzyaw
2688,ypckd
2689,ccaud
2690,kvflz
2691,qdwog
2692,ttfkn
2693,erayy
2694,nvqjh
2695,vcksq
2696,mghql
2697,djfmk
2698,fxejq
2699,gburm
2700,dpezp
2701,dqqvx
2702,hjjhu
2703,mqtqe
2704,toyjy
2705,fujmu
2706,vinsb
2707,exzuu
2708,niybc
2709,vzwdd
2710,xnyoz
2711,ctcmu
2712,cswoh
2713,zjftt
2714,qshwx
2715,heqmh
2716,rbqtq
2717,xrycg
2718,qrpsh
2719,zplmf
2720,tzjhz
2721,gfzuu
2722,rvbqb
2723,zpkdo
2724,qkfub
2725,opnug
2726,ayxrw
2727,ubhej
2728,xxxqz
2729,vybxf
2730,wipcv
2731,qpqkh
2732,pncat
2733,dfvpa
2734,qzcjt
2735,zwygu
2736,bzrvb
2737,tgcdy
2738,rjqit
2739,siajq
2740,csvdh
2741,lddrv
2742,ryrth
2743,sjelq
2744,taxjo
2745,qpspq
2746,bjygo
2747,lcqlc
2748,wbstd
2749,htltq
2750,yemwv
2751,hsdnu
2752,qcgvt
2753,rlgkk
2754,whkbi
2755,ieafh
2756,tzebi
2757,umkas
2758,hvvqd
2759,ncccc
2760,ldkye
2761,swtyg
2762,ocrdk
2763,dfkkv
2764,rmioi
2765,hucaf
2766,bfcbe
2767,zqilx
2768,ddleh
2769,fnysr
2770,ulcga
2771,hrvim
2772,atqpb
2773,rpcxg
2774,jgwej
2775,rhogj
2776,tbgxj
2777,nkqwk
2778,mpzeg
2779,dadnl
2780,cktsd
2781,fuzzd
2782,dlode
2783,bvoxi
2784,iktdb
2785,xxqwo
2786,nqqrr
2787,gqrjq
2788,bbpao
2789,bauri
2790,pyezo
2791,uakzu
2792,rigjj
2793,zffsq
2794,mvhyw
2795,azguo
2796,wxyuc
2797,jwuly
2798,ocjwf
2799,actxj
2800,pmvbw
2801,ioqfe
2802,biivj
2803,gwuwq
2804,caeyk
2805,wdjio
2806,gmdvy
2807,zzwfc
2808,wfxrm
2809,vguiu
2810,sepxf
2811,usavx
2812,bjadx
2813,vidua
2814,wudhn
2815,frvdr
2816,zzvfw
2817,kjzgw
2818,koqzt
2819,wbsbz
2820,ybdwk
2821,lovlj
2822,qmznc
2823,aeurl
2824,tmytj
2825,tpwdy
2826,cnxti
2827,wdwhn
2828,hgdtg
2829,glfmi
2830,jxvue
2831,rvgsh
2832,xofsi
2833,xtzvx
2834,hynkc
2835,ydkpl
2836,jnnlk
2837,gbytn
2838,fblou
2839,zsfgw
2840,qhmta
2841,cntmn
2842,frbyq
2843,zueay
2844,yfrvq
2845,lztow
2846,uwxqf
2847,hzjhv
2848,byodh
2849,kpols
2850,wybwi
2851,afjdy
2852,idqks
2853,kjnfy
2854,upkvl
2855,rwgsj
2856,ykjvg
2857,wtkev
2858,wynva
2859,sxjkx
2860,tiunc
2861,htemo
2862,oqlvs
2863,gtizv
2864,vvxfq
2865,styoq
2866,fphcf
2867,dfcpi
2868,qhjzc
2869,nahpu
2870,ouemp
2871,trqob
2872,jywxe
2873,jhejl
2874,jstdi
2875,dqbfk
2876,owrdb
2877,vtmxw
2878,xjjri
2879,shgxn
2880,duijd
2881,rdqhp
2882,eaeuf
2883,yfodn
2884,bflac
2885,clgwq
2886,tsznx
2887,jrfth
2888,ymzah
2889,piefk
2890,irbdp
2891,pfpza
2892,huxdw
2893,ixvoe
2894,bprux
2895,mspia
2896,bcfwo
2897,cjaei
2898,tsvlr
2899,emxfh
2900,sjzdy
2901,meaci
2902,nopcf
2903,qbzzz
2904,hslty
2905,secvq
2906,hekdd
2907,bvdwi
2908,wrhaf
2909,iluol
2910,htbnk
2911,ioimc
2912,jlmzx
2913,zozkp
2914,icepb
2915,rbmmz
2916,glxzo
2917,iqdzt
2918,uqist
2919,eqabb
2920,eqsan
2921,thqwy
2922,fkyza
2923,qobbh
2924,eujsf
2925,htzzp
2926,ihcer
2927,zwmvu
2928,ghelh
2929,kmhda
2930,scwxg
2931,pjqjb
2932,ivwcg
2933,zbyvd
2934,bsxuu
2935,qrcjt
2936,sfxjw
2937,fcimb
2938,rpfps
2939,mfrll
2940,fbybi
2941,rqghz
2942,nftwh
2943,esqbz
2944,ydkrj
2945,ciuay
2946,uezly
2947,pdxek
2948,aydmk
2949,gghhn
2950,mkdqv
2951,gcbxa
2952,gsgyv
2953,asogu
2954,husjd
2955,xkjfu
2956,ydndl
2957,fzxql
2958,hgxxo
2959,kcyjq
2960,cdzuc
2961,wunls
2962,foxzm
2963,njsvg
2964,svlhv
2965,irxja
2966,ixjmk
2967,ljqlk
2968,lviad
2969,exlnw
2970,fnfla
2971,pqgwb
2972,cgqzt
2973,eystq
2974,vrncf
2975,jjplj
2976,ercpy
2977,cttvr
2978,qichv
2979,kldhd
2980,hxzox
2981,hdwor
2982,yhinr
2983,fqgqa
2984,zugpy
2985,hqphr
2986,utsoz
2987,dlhnn
2988,qrpav
2989,gvdnt
2990,smvhk
2991,lgrxo
2992,bcxlc
2993,cedsg
2994,ypjax
2995,efidp
2996,jorpl
2997,izort
2998,gdggp
2999,dskkm
3000,ebzob
3001,hnvyx
3002,uyjlx
3003,zssuf
3004,qbhjq
3005,fjkbg
3006,ntnvl
3007,hlhkh
3008,vlffy
3009,owzfx
3010,syool
3011,gbroe
3012,nbbbf
3013,ymzvk
3014,qgpea
3015,xfwoo
3016,ykinp
3017,eiosk
3018,zflnb
3019,dzybs
3020,pzieq
3021,mqwbs
3022,mozzo
3023,yujkz
3024,vicre
3025,jhaad
3026,lhicw
3027,roliu
3028,qvqle
3029,ghnmg
3030,tjerg
3031,cxzkl
3032,pnukr
3033,qilxl
3034,yrncm
3035,nhpgu
3036,hqvqp
3037,pcwuy
3038,decoz
3039,gfdpe
3040,bubxf
3041,conde
3042,idkfn
3043,himra
3044,awjth
3045,wcawi
3046,lexsw
3047,kmmma
3048,ojwwm
3049,lrqmu
3050,oncix
3051,wczhp
3052,rmzfv
3053,dkdve
3054,rkzyr
3055,ntdnf
3056,mgzpo
3057,udxiz
3058,bwtsq
3059,euqac
3060,bsdhu
3061,khdgz
3062,hbkqh
3063,cvzky
3064,whxhk
3065,qivuv
3066,rckns
3067,cndnu
3068,kptui
3069,bijrg
3070,uxder
3071,whopu
3072,thwox
3073,ryizm
3074,wdvez
3075,msycj
3076,bibno
3077,qnbvl
3078,wucfr
3079,ctapn
3080,crtro
3081,efakl
3082,lnaww
3083,wpmjt
3084,taduv
3085,nxqmh
3086,zvamr
3087,eakgp
3088,pxbll
3089,fview
3090,fydvu
3091,ianfl
3092,vkdyh
3093,iqeou
3094,ahyzb
3095,pxeju
3096,lppzs
3097,gvohp
3098,kejsv
3099,dshdk
3100,amtgz
3101,rvooh
3102,bomvi
3103,mkmkq
3104,pejpa
3105,gzhhm
3106,lphpo
3107,bipmb
3108,bwouh
3109,zryeg
3110,vjyxy
3111,xlrnm
3112,cmxhz
3113,jornh
3114,xknub
3115,gyjiw
3116,zxnea
3117,hszxe
3118,fsglg
3119,ndkhu
3120,uhsmu
3121,jgccn
3122,mejzy
3123,lijor
3124,eqswt
3125,toakn
3126,cegqi
3127,bwxmq
3128,xfgjy
3129,jpcyz
3130,ftbcw
3131,dtoww
3132,kxfct
3133,jkiqz
3134,bzaxw
3135,bcpbi
3136,ezseb
3137,nptfg
3138,hbxlc
3139,engbg
3140,mztrn
3141,fcbpw
3142,xgavr
3143,xhynk
3144,dvaqj
3145,aaalh
3146,ouwss
3147,cgrjr
3148,bkrof
3149,ofimc
3150,eydja
3151,kmmlf
3152,pysvc
3153,twwvb
3154,htkir
3155,syrha
3156,aqwki
3157,xvnke
3158,nqvoy
3159,jttks
3160,ifcva
3161,dxwfa
3162,kqziu
3163,dkqow
3164,pmwhe
3165,pacwt
3166,criyo
3167,orcbf
3168,mepay
3169,aqhha
3170,bftnc
3171,uyfdm
3172,kgibu
3173,kwlfu
3174,hwffs
3175,gyhkq
3176,digwy
3177,mndtj
3178,eadxi
3179,timct
3180,iqxtu
3181,lofal
3182,jtdlt
3183,nhmht
3184,gvwgm
3185,vmnoc
3186,ddefo
3187,wvmrk
3188,pfqwt
3189,zsmef
3190,vbrug
3191,lqfrr
3192,aeuzf
3193,ouelc
3194,zjlgf
3195,hhbgt
3196,xofvi
3197,cckau
3198,pwedq
3199,asmrn
3200,roapw
3201,qxncj
3202,rexit
3203,wmbdv
3204,uzwml
3205,zyesw
3206,fttka
3207,xdsgz
3208,kdixb
3209,immxt
3210,akgbu
3211,ybggy
3212,jxknp
3213,nixzw
3214,yfjis
3215,sbvcj
3216,zobwi
3217,zhlxq
3218,rpahf
3219,mlqcv
3220,lhcre
3221,efgwu
3222,gezwv
3223,aozvd
3224,xumvj
3225,doakp
3226,dycyg
3227,qxugh
3228,nnljb
3229,hkuxg
3230,jcnlu
3231,lpjvd
3232,staje
3233,urtoc
3234,hwdyh
3235,ennxt
3236,kmdoi
3237,hezbm
3238,iufol
3239,ssoao
3240,gsoeu
3241,zsytb
3242,smtqv
3243,qgukk
3244,gwlga
3245,knfhf
3246,yzfsi
3247,jxkpg
3248,phgbx
3249,msgvc
3250,rlhiy
3251,jjfuz
3252,neibp
3253,fyyfk
3254,kagqq
3255,gedhk
3256,tfyvg
3257,oofsf
3258,mvzpo
3259,abnkb
3260,eulcd
3261,giory
3262,qwmcu
3263,ljofj
3264,dlvxg
3265,thupb
3266,rshje
3267,vadle
3268,fyooz
3269,ysbjn
3270,tdvbh
3271,guybk
3272,jbwvp
3273,rfehm
3274,scbil
3275,ixhfn
3276,rwfdo
3277,arhgl
3278,eeoju
3279,ixtoj
3280,gxozi
3281,lnpqy
3282,hnasa
3283,mkpnq
3284,pwyyw
3285,vcndd
3286,pcplo
3287,ayect
3288,cjrgf
3289,uyzga
3290,wgtms
3291,ytwvl
3292,viphb
3293,hcjpm
3294,rgffk
3295,qszya
3296,mqnvd
3297,fgqzo
3298,ljyyc
3299,nhltm
3300,wicxn
3301,wjcaa
3302,qxtkz
3303,xuqvq
3304,okrty
3305,maftt
3306,escbx
3307,vvhda
3308,qvvir
3309,azkwx
3310,ebvbg
3311,zldkl
3312,jfwcm
3313,wmonw
3314,ijegv
3315,mcqjg
3316,erifx
3317,jbddc
3318,bblpg
3319,qhyje
3320,vfbgi
3321,sligc
3322,yhdvm
3323,cylnz
3324,dnnep
3325,lvirq
3326,vniwh
3327,tdgkc
3328,ncbsv
3329,ailwk
3330,xlugt
3331,mytid
3332,fcoeg
3333,fbvzf
3334,eyajp
3335,yrpdw
3336,libyv
3337,ixjic
3338,hywdu
3339,egasu
3340,qnzdq
3341,ahjgr
3342,hzxhg
3343,tiasm
3344,vbjke
3345,qdxwf
3346,ynczp
3347,fhpbf
3348,dboln
3349,qzcau
3350,goecb
3351,fuafj
3352,mmgsz
3353,mgegl
3354,kwkay
3355,jwmev
3356,msanp
3357,inhnn
3358,cpzjw
3359,hljnq
3360,gtpwc
3361,bqkdb
3362,paofd
3363,pkqmv
3364,twrhd
3365,auuwo
3366,ihqnp
3367,foqcf
3368,ixbht
3369,ertmm
3370,imvne
3371,nctyg
3372,mvhtc
3373,uvccu
3374,kexsm
3375,ssoar
3376,vfztm
3377,frwec
3378,yazhi
3379,vmelm
3380,vlovw
3381,rhqpz
3382,zmbvq
3383,ichsl
3384,lmxbk
3385,rqvav
3386,ojiys
3387,qcxtv
3388,hopdz
3389,aqjoi
3390,riurv
3391,wuudh
3392,ltwpp
3393,rbhgu
3394,ssnxe
3395,xtopb
3396,ljljs
3397,wzjhz
3398,txkph
3399,zrpfd
3400,nbnky
3401,rjnrz
3402,uarkg
3403,rmdsv
3404,uwqmg
3405,dzybe
3406,aifsx
3407,fcsoa
3408,kzuvz
3409,zulgb
3410,kqxdi
3411,hfkwr
3412,pxuwq
3413,jdidn
3414,kfeiw
3415,rwljb
3416,kislj
3417,pcagi
3418,jqssn
3419,qwqov
3420,bzbdp
3421,gpyug
3422,hzosy
3423,lprfw
3424,mhkzd
3425,kttuf
3426,tsvno
3427,bkjgv
3428,isqsp
3429,bweps
3430,pvbqm
3431,jfaij
3432,egnlj
3433,awbdb
3434,hglgb
3435,wqfyn
3436,iwxfp
3437,lctkb
3438,zgkbs
3439,wxvdc
3440,golqr
3441,yqdcs
3442,cinqw
3443,jqlmh
3444,fqgjv
3445,mdzkb
3446,ftfen
3447,mlpfk
3448,bsrab
3449,uwfse
3450,zkjmp
3451,ylhpe
3452,dzhje
3453,piomn
3454,sqndx
3455,oxoum
3456,usliy
3457,atteg
3458,uznmr
3459,cobzs
3460,bartw
3461,vdflj
3462,mrexg
3463,blgnv
3464,qflop
3465,edusx
3466,fxnhf
3467,vnuwg
3468,xnfcj
3469,ywzmn
3470,frwiu
3471,sbblv
3472,mloco
3473,muwgg
3474,nvogm
3475,xdjjo
3476,ahohe
3477,ranbg
3478,jvwol
3479,rwvit
3480,hkxuq
3481,nuucr
3482,iimro
3483,pqkzq
3484,exhhw
3485,dhfot
3486,vxxzq
3487,jjbdg
3488,dbvcq
3489,jswda
3490,jyjkt
3491,zieqa
3492,lvpyg
3493,zdffv
3494,arqtz
3495,bqmqg
3496,fdlzj
3497,uakjg
3498,cagwh
3499,surda
3500,pqppv
3501,gborm
3502,vgjaf
3503,xpbsm
3504,uckno
3505,pjyap
3506,rpmsa
3507,kwtmt
3508,loquf
3509,ycfpi
3510,fzrsg
3511,xvmtf
3512,upaix
3513,jnywm
3514,nggct
3515,oxfiw
3516,kqyuu
3517,anuby
3518,ttqty
3519,ygach
3520,ptsab
3521,ruvlu
3522,puxaz
3523,vvisw
3524,fdpuh
3525,eiael
3526,kstuw
3527,pnugo
3528,dwose
3529,dtrcq
3530,ftjog
3531,obcda
3532,cmfxx
3533,rqyaq
3534,opobx
3535,tqugf
3536,oktfj
3537,riomo
3538,yrgon
3539,gtdxc
3540,tcmwt
3541,fhxyo
3542,ztjsm
3543,jhzvp
3544,ykyzr
3545,faehj
3546,sjdzf
3547,ascws
3548,ggdvx
3549,filai
3550,zfryx
3551,bukqr
3552,zvfcn
3553,ywbja
3554,hfbru
3555,tjgzk
3556,jdwuo
3557,xmhhy
3558,snigz
3559,vbqdm
3560,upzvu
3561,itmvx
3562,tbpqy
3563,pyfwx
3564,fyiov
3565,hlkzk
3566,vvvrw
3567,etalg
3568,lbhea
3569,cfubp
3570,mbjcs
3571,aryog
3572,jeguh
3573,hplpt
3574,wpoqj
3575,efwqb
3576,bnhcn
3577,ambku
3578,jyqhv
3579,wuajk
3580,bmezg
3581,nmdtz
3582,bgczu
3583,twbur
3584,crspw
3585,rjvtg
3586,dnjxc
3587,kvwtt
3588,siaxe
3589,tbbfb
3590,cfxxa
3591,sdxjq
3592,ewqwg
3593,ltyok
3594,hkncw
3595,ogmbr
3596,ggnoi
3597,fzaip
3598,hijhg
3599,vrgva
3600,ffxwz
3601,ovxzi
3602,hxyaz
3603,ngpzk
3604,piwnz
3605,leeyv
3606,pusjx
3607,bsrac
3608,heuwy
3609,puvuu
3610,wzqga
3611,dzvkv
3612,ikuik
3613,ywkbe
3614,lfkvr
3615,seqin
3616,qkapx
3617,qbaaf
3618,ywuae
3619,zvidy
3620,rwmug
3621,fgcff
3622,phini
3623,vrgxn
3624,brobf
3625,dmyzl
3626,nopkl
3627,pdzen
3628,oscik
3629,twsfv
3630,ouphe
3631,tvimn
3632,vfvkp
3633,qfzce
3634,mlkel
3635,wqufo
3636,wellb
3637,hpile
3638,vcsml
3639,ejfms
3640,lqndt
3641,lohpt
3642,qfgkg
3643,yuhtt
3644,gimfv
3645,wuoff
3646,fkcnm
3647,qoida
3648,ckrqk
3649,ofrnh
3650,vxodq
3651,blprv
3652,itxuu
3653,teeej
3654,mdhcx
3655,ocqqm
3656,wlcic
3657,vxndm
3658,baebf
3659,ljwlz
3660,ppedu
3661,fysfk
3662,vabfj
3663,bgksn
3664,mnxyz
3665,uhrvk
3666,wfewd
3667,kzdgy
3668,szbfa
3669,xnapt
3670,txxzz
3671,gmzgm
3672,prwno
3673,vtumx
3674,jktlg
3675,fhhel
3676,akeee
3677,ocrgr
3678,qufee
3679,pnnep
3680,eprfs
3681,oedgf
3682,jsqlj
3683,anxzk
3684,gvfar
3685,ealal
3686,mtxyj
3687,vrxzw
3688,batxc
3689,tgfss
3690,faskf
3691,nwhhb
3692,qounf
3693,zvrgm
3694,pinqv
3695,ykoal
3696,typbp
3697,xwlso
3698,tmxrn
3699,ifeua
3700,xwcho
3701,euald
3702,xsfsx
3703,gmrka
3704,txuuy
3705,nhxro
3706,hkwhz
3707,zcmui
3708,giyob
3709,caaxh
3710,gfqei
3711,yilei
3712,uyzqd
3713,ygdyx
3714,emjhk
3715,beikb
3716,twyxf
3717,scuso
3718,wykur
3719,gkbla
3720,kfdee
3721,xmjxa
3722,tnllw
3723,umjwp
3724,igqqd
3725,khbuh
3726,gkajk
3727,oawkc
3728,rcxze
3729,qlqks
3730,dupag
3731,tjkkw
3732,djvrv
3733,kwctq
3734,dcjsq
3735,wqmnb
3736,hjjjm
3737,yjuoe
3738,zfjgj
3739,kpmzo
3740,bgxfv
3741,ylbaz
3742,zurar
3743,zbvla
3744,thhgf
3745,zmuwb
3746,wpkns
3747,ciewu
3748,ryvgc
3749,pumxl
3750,gyfwt
3751,agfud
3752,hpgei
3753,aqtdw
3754,efrry
3755,pjmil
3756,nbtnm
3757,hngib
3758,rhsiw
3759,dveua
3760,mlsre
3761,pnpul
3762,awvbh
3763,yxrac
3764,ywzwp
3765,ylyfp
3766,yilnq
3767,xvsob
3768,hwrla
3769,qwvjt
3770,jllhc
3771,vthrr
3772,ktvqy
3773,htnyy
3774,kmrxy
3775,obsfz
3776,lvrms
3777,avtii
3778,vikbt
3779,seppt
3780,hgcvu
3781,zmmgw
3782,mkbmf
3783,jeeas
3784,myinv
3785,byqrg
3786,esogq
3787,temtx
3788,ulcar
3789,egmfb
3790,totbj
3791,zxvhn
3792,fglbh
3793,omxkj
3794,ivqux
3795,yntis
3796,faxlu
3797,sxeoo
3798,enbbv
3799,imynx
3800,sedcs
3801,oaxae
3802,wmvdv
3803,abxpx
3804,vccyb
3805,femlq
3806,oaswm
3807,xnccr
3808,sbrgs
3809,zfkmv
3810,ilnqg
3811,rffqo
3812,ehvcl
3813,drjmj
3814,jkhlx
3815,llcuj
3816,smege
3817,bxvdj
3818,redjz
3819,ttwwe
3820,blzvk
3821,icjls
3822,yqpnq
3823,dbcew
3824,eqibt
3825,ishse
3826,ontzb
3827,ynuva
3828,qsplg
3829,mrgkl
3830,rohkk
3831,fvprl
3832,qjpfv
3833,btvjp
3834,oobms
3835,urrhl
3836,mcfif
3837,whmdp
3838,uekqs
3839,wakhp
3840,qvazx
3841,qtkim
3842,bkawo
3843,asivy
3844,mbwwd
3845,yibdc
3846,pdmja
3847,hytdf
3848,tnxdh
3849,csrct
3850,ujyjk
3851,bqrql
3852,uuhvl
3853,xeiwu
3854,tmewz
3855,ozqhx
3856,vbhbe
3857,eqotr
3858,kelgz
3859,pbqvg
3860,orgku
3861,bbvdc
3862,towcp
3863,jrdii
3864,xphuh
3865,lhexe
3866,njssl
3867,ybeng
3868,kfxde
3869,ksiqt
3870,jxfer
3871,lvfmm
3872,bbmwu
3873,wezqv
3874,obser
3875,xwogi
3876,fahtj
3877,imoyd
3878,cvuox
3879,pmzcs
3880,bksvi
3881,yxqca
3882,tjruy
3883,hrdsj
3884,valco
3885,vjlqz
3886,heggq
3887,gjttc
3888,ufiep
3889,qkjxt
3890,aimrr
3891,edvqb
3892,avpsa
3893,xphog
3894,zgkvg
3895,shrxp
3896,ljadv
3897,rwtyl
3898,xnenk
3899,nrsuz
3900,tnwua
3901,pnuuw
3902,jqkju
3903,plvvz
3904,pznpy
3905,irtdx
3906,aekfs
3907,extxe
3908,neulx
3909,wdaem
3910,ylwmx
3911,uiweb
3912,chnkw
3913,ghpax
3914,zsgst
3915,ikeob
3916,gllhn
3917,rwzyq
3918,sudsc
3919,qtlhc
3920,clzfa
3921,rspga
3922,zwzzw
3923,msmhm
3924,ueebi
3925,pwjby
3926,onjpg
3927,wyzll
3928,kuaoi
3929,rwcoz
3930,oohnj
3931,zhtcv
3932,inbip
3933,npdia
3934,tslkq
3935,owkrb
3936,kguen
3937,cozdw
3938,dzppg
3939,umzuj
3940,nxxvh
3941,ynouy
3942,ksgtu
3943,suaxk
3944,mqtyj
3945,hdntx
3946,gqeut
3947,wgodh
3948,cusss
3949,uhklu
3950,jvcdf
3951,ijmqf
3952,djtrw
3953,wibic
3954,pnzef
3955,finql
3956,hlsxm
3957,fwnhj
3958,pdfkb
3959,tzhal
3960,iezle
3961,ittez
3962,twuai
3963,iecbs
3964,qgwyv
3965,hoiwc
3966,laxga
3967,xtnjv
3968,tmvpt
3969,wlfik
3970,rcxdd
3971,qtmyq
3972,wnmno
3973,eulbh
3974,zjazn
3975,zniiw
3976,jrbpo
3977,txdxa
3978,ogbjb
3979,briyj
3980,lkjgi
3981,usxbk
3982,pdlbr
3983,ishyi
3984,crwjs
3985,pqmbc
3986,xgpzd
3987,erqph
3988,ufmlq
3989,ngrei
3990,wnayd
3991,xianc
3992,jclwq
3993,fnpnf
3994,zzgzx
3995,hgkru
3996,goctz
3997,tuzhh
3998,qhxrv
3999,lxtdc
4000,eyaof
4001,dmryu
4002,bxtko
4003,rahmp
4004,yrlif
4005,rifkc
4006,awdxt
4007,vkpkv
4008,aedbg
4009,aofng
4010,usets
4011,wbdff
4012,otijz
4013,hdmsq
4014,xmych
4015,lwjwp
4016,esorr
4017,myxfk
4018,rqebt
4019,rdkka
4020,ugnoz
4021,piijp
4022,mvntt
4023,skrxj
4024,ogpjp
4025,pivdk
4026,iwzbg
4027,vllfz
4028,llywx
4029,behgc
4030,xacuq
4031,qbkaz
4032,vdmev
4033,uigch
4034,vksmk
4035,admir
4036,lxyfo
4037,hidug
4038,drnxu
4039,gdkxg
4040,hxxel
4041,frbye
4042,qlcbl
4043,vcpip
4044,akwop
4045,oxlfe
4046,lnolq
4047,bmhxn
4048,gxody
4049,guegs
4050,njkgd
4051,tcyus
4052,ufvrv
4053,nusfx
4054,mgzvz
4055,cqsdt
4056,hmzmg
4057,vyezq
4058,zbnep
4059,ypdga
4060,lcwsh
4061,qqpyf
4062,omrfj
4063,mchnf
4064,qirec
4065,wflyh
4066,zvxfn
4067,vzvqo
4068,vejha
4069,zrdjl
4070,robxs
4071,cfzwz
4072,inrcg
4073,zccau
4074,ihwjn
4075,lqgza
4076,uamkq
4077,fyqyj
4078,xcblv
4079,fbppa
4080,vuujj
4081,ehuto
4082,sdofw
4083,ytcei
4084,jhmri
4085,gloum
4086,gwell
4087,ppgzt
4088,irtri
4089,vpodd
4090,vxyyq
4091,mwmvf
4092,tmfpp
4093,smxqu
4094,eeags
4095,petvn
4096,ukbqd
4097,ltryy
4098,ocnwg
4099,ckzos
4100,xfptr
4101,dclfc
4102,jrsip
4103,hkagv
4104,ogblh
4105,mwfvv
4106,sfnic
4107,dnxwa
4108,hjnso
4109,gkhzc
4110,hsksu
4111,fqvdx
4112,proix
4113,cqxmy
4114,zcxvr
4115,noste
4116,wxdhk
4117,vzfnr
4118,pqxhz
4119,lysiz
4120,snoyc
4121,fleqs
4122,pefxl
4123,yjzgv
4124,qjmym
4125,hvxap
4126,shgyi
4127,jqkpq
4128,verri
4129,bbnyd
4130,sroeu
4131,gyfwr
4132,ugksq
4133,dnjmn
4134,nbwgn
4135,dxnbb
4136,ysyle
4137,bmabv
4138,spvdu
4139,awcio
4140,ffbnc
4141,yocir
4142,atlio
4143,dozyf
4144,bpbxf
4145,xqevj
4146,npmew
4147,znyfx
4148,fcpdh
4149,vezfj
4150,ymtfs
4151,gywnc
4152,vjqdd
4153,jmwue
4154,nbzha
4155,bytgg
4156,aymhw
4157,pjvbp
4158,fqjwx
4159,kzqlu
4160,dspyg
4161,dwgim
4162,llbly
4163,wbnpd
4164,ygibl
4165,mwfzs
4166,wtvfz
4167,iitqo
4168,kymof
4169,xwlec
4170,fcpwa
4171,upnrk
4172,pdpuy
4173,wcvgd
4174,cretb
4175,hhtdx
4176,hfiou
4177,eipuw
4178,xkeez
4179,bcddj
4180,npvmq
4181,agids
4182,lfwao
4183,ympce
4184,zhrsj
4185,sufcx
4186,nueul
4187,czwkx
4188,gwexs
4189,aixkd
4190,lyxaz
4191,mkysc
4192,gcdzr
4193,mbtif
4194,borku
4195,xdjoi
4196,bkefp
4197,vxlmj
4198,xqqmy
4199,jpbkl
4200,taaam
4201,ahfvp
4202,ernle
4203,dyaun
4204,kgaco
4205,gwgli
4206,hltwy
4207,futoi
4208,bpqsr
4209,todzg
4210,kgckh
4211,ipcag
4212,pvchx
4213,drukn
4214,dpdjj
4215,mybkq
4216,ibmrv
4217,ypnbx
4218,lhqns
4219,hsguy
4220,gjiiz
4221,cjbno
4222,vyxkh
4223,lcrwy
4224,ybhzd
4225,nxlon
4226,pxtdj
4227,vpwcc
4228,mozpj
4229,atjas
4230,ohtwa
4231,cfanb
4232,xieqo
4233,emncv
4234,rerly
4235,ozzpn
4236,mggom
4237,afdke
4238,iavuh
4239,zmwjl
4240,ffhta
4241,wojlc
4242,bdalm
4243,jmtgy
4244,ibuxy
4245,rclxe
4246,pzrec
4247,qzjyy
4248,uefie
4249,ksplf
4250,ayysc
4251,vdykh
4252,rpqns
4253,qavzf
4254,empvm
4255,hnlij
4256,squmq
4257,iqhph
4258,hmiwu
4259,nsatf
4260,vyjox
4261,nhvwd
4262,srglu
4263,ukosp
4264,giinb
4265,mfexo
4266,qltpw
4267,umqeu
4268,guixu
4269,cnhgr
4270,epyni
4271,wexdv
4272,knyzy
4273,ywokw
4274,cmjxg
4275,rikfx
4276,vdyuf
4277,qifjh
4278,zsqrl
4279,tskqv
4280,hcwaw
4281,bnscf
4282,aaoyn
4283,wjorq
4284,vhnfe
4285,irkax
4286,gbwrt
4287,ekzzd
4288,fhfig
4289,fpfrp
4290,tyhdf
4291,zwxld
4292,bxxtl
4293,pwbhh
4294,sgzhv
4295,lbbwo
4296,hadzg
4297,rppcs
4298,vygfb
4299,bcfco
4300,kbxnk
4301,fylsx
4302,acllo
4303,ajgzm
4304,yapsm
4305,ygrwu
4306,vfkor
4307,nlebv
4308,eppxo
4309,qokyw
4310,ejuax
4311,jrddu
4312,hasre
4313,lkzih
4314,zwxgd
4315,lgecj
4316,uiglz
4317,amhll
4318,ihzoo
4319,oebtx
4320,hqdjs
4321,enmkr
4322,sdqkv
4323,aciwk
4324,vgqiy
4325,kwxwp
4326,czuda
4327,ambdz
4328,umftc
4329,xbtkg
4330,ynkuy
4331,zvlbf
4332,dvlyn
4333,chjws
4334,llsuf
4335,codii
4336,ruxzr
4337,kxtbz
4338,psjbh
4339,klbel
4340,yvngc
4341,pkizv
4342,vdzaq
4343,xjdyw
4344,jxvim
4345,wolhi
4346,ieiaj
4347,ekcga
4348,vyeas
4349,orqgk
4350,nnnjk
4351,mmqra
4352,lnqje
4353,aekdm
4354,ibmnf
4355,ofwdm
4356,vpfaj
4357,xrpis
4358,fijeb
4359,vnqaa
4360,erchc
4361,nksxi
4362,mgnlu
4363,pbzrv
4364,dkxbh
4365,biejt
4366,nehhv
4367,sxvtg
4368,vcqwa
4369,skjqd
4370,cbobo
4371,zhhhd
4372,qknug
4373,ywzri
4374,sppcs
4375,bpbbt
4376,dpvjz
4377,xyvsh
4378,pgrfs
4379,kvemx
4380,ascfv
4381,pvcry
4382,fhzda
4383,czneh
4384,flred
4385,hcooo
4386,xkoln
4387,whndr
4388,gstzy
4389,qndtg
4390,knnie
4391,tdaoe
4392,udmxf
4393,opdih
4394,fxlgz
4395,isgoi
4396,brqga
4397,anzff
4398,qtpre
4399,eztum
4400,ijwsr
4401,vlols
4402,dsyde
4403,hufrc
4404,gbaqa
4405,novam
4406,aezcd
4407,kyqdv
4408,zivrt
4409,xxspm
4410,wjddt
4411,clyto
4412,uskra
4413,yflpq
4414,dqnei
4415,nlivd
4416,onjgi
4417,rckmw
4418,gwhjy
4419,hnvtd
4420,negca
4421,rtnir
4422,qtqrx
4423,xsard
4424,dqquz
4425,guteb
4426,bkubm
4427,xgzbq
4428,mvozm
4429,ehsar
4430,rjoop
4431,dpeqq
4432,vwwnd
4433,qhfxr
4434,ibrhf
4435,kkkqm
4436,ldezs
4437,weiji
4438,ugtod
4439,jtfht
4440,dwzou
4441,ktbav
4442,iibyq
4443,zksqn
4444,jqwnp
4445,prtgf
4446,cdeqp
4447,fjxit
4448,crqzm
4449,ymnma
4450,ldcud
4451,kgdht
4452,dgynn
4453,trxkb
4454,zaeax
4455,vrgoy
4456,igqyp
4457,lzfwi
4458,xzftw
4459,yclql
4460,qosmt
4461,qewgt
4462,baacq
4463,xlkqp
4464,rkyfw
4465,ukvlk
4466,lugzx
4467,dasgr
4468,xemcm
4469,aipiw
4470,pethx
4471,ofeiu
4472,fmdet
4473,bzxra
4474,rtwag
4475,ixkdq
4476,bavgd
4477,xndhf
4478,vrmjk
4479,rapyy
4480,gncxq
4481,ngkmm
4482,ktlwy
4483,qenlr
4484,pqsnm
4485,njybd
4486,dkjzn
4487,hknux
4488,tyuii
4489,qnzrx
4490,hboln
4491,gacht
4492,sthsg
4493,wivjj
4494,rgvsf
4495,jzbyh
4496,qkexg
4497,vlxob
4498,xpaao
4499,wovdi
4500,jihfx
4501,caitk
4502,feruv
4503,ptxyx
4504,uhoxs
4505,owcnw
4506,xnxrk
4507,eouav
4508,pehha
4509,adpcw
4510,uhrua
4511,pdlil
4512,zmgey
4513,kyuap
4514,suxhy
4515,cbmtw
4516,inyqn
4517,vkqck
4518,qmzmc
4519,jkmkn
4520,rxzsx
4521,cbnxu
4522,wbejm
4523,rchje
4524,zwwtl
4525,mjjew
4526,sqvzx
4527,qwydh
4528,feuzt
4529,nnpbe
4530,ikbpm
4531,gzkdn
4532,prrvn
4533,lzcpc
4534,ezmbo
4535,cdlmf
4536,unirw
4537,oadgi
4538,rnvfe
4539,elwco
4540,zqihw
4541,mngmt
4542,lglyx
4543,ptxod
4544,yovif
4545,bcofu
4546,bupoi
4547,tpwuw
4548,tiwad
4549,jgkrl
4550,xbvmc
4551,nulou
4552,axvwv
4553,vcejm
4554,ktkyk
4555,qocmx
4556,clzpe
4557,mpadq
4558,oosls
4559,agags
4560,zglap
4561,hxmyx
4562,wryim
4563,hvqdl
4564,gdbkv
4565,wtdhi
4566,ohugy
4567,faslw
4568,rwxqd
4569,eukqg
4570,rzehd
4571,zyqdo
4572,kketb
4573,icsuh
4574,whilj
4575,tnkjj
4576,wdhdo
4577,jevxj
4578,ffafw
4579,ugvag
4580,khkyr
4581,gfgsf
4582,ocrmq
4583,rifcz
4584,wbsoy
4585,edvnm
4586,vudlf
4587,xshkq
4588,uyjnf
4589,nyadu
4590,sjoyu
4591,pmdlb
4592,exqox
4593,qouak
4594,dobxm
4595,azpbl
4596,haozr
4597,rmite
4598,oxshf
4599,ufpzc
4600,blpmz
4601,kpsnu
4602,vahck
4603,ydtgx
4604,acewf
4605,ixhqd
4606,inldr
4607,xsyki
4608,tnsxk
4609,bqycc
4610,utrnp
4611,kranw
4612,wrryr
4613,onzwi
4614,pwhcj
4615,nzauc
4616,vjsqd
4617,qkhdg
4618,zwwes
4619,tpjcy
4620,tvvsq
4621,mqjnh
4622,xjava
4623,bxthk
4624,vyaff
4625,zywdi
4626,lfiia
4627,lkpbd
4628,kvxtf
4629,uxjax
4630,qbpny
4631,tnzrq
4632,cezjr
4633,xcvxt
4634,sundu
4635,ojnji
4636,mirgt
4637,zfnlt
4638,dfczr
4639,hgkzi
4640,mycoa
4641,ewqqw
4642,ztzli
4643,ckucu
4644,meiwp
4645,sljsc
4646,tjzkf
4647,lqpzs
4648,kbmwd
4649,dfvlq
4650,gyxvi
4651,pvwcv
4652,wclvi
4653,jcvab
4654,hfyyk
4655,knzrx
4656,ppzps
4657,wpwlz
4658,dgcdz
4659,eireo
4660,ekwpq
4661,rwojq
4662,iamtd
4663,dnykb
4664,bvbpd
4665,rdwxm
4666,gkxkz
4667,iioeh
4668,nbmus
4669,koemh
4670,vclcv
4671,vatpo
4672,fshlq
4673,rokbt
4674,mauvm
4675,tpvxk
4676,wyqdk
4677,guwkr
4678,htnmx
4679,davva
4680,fsrhv
4681,xzaok
4682,tanhf
4683,ksrkq
4684,mlchj
4685,qnohp
4686,btuxw
4687,unqhp
4688,quqnb
4689,jejsn
4690,umoqc
4691,qftbv
4692,iejvr
4693,yfvnn
4694,fcmnc
4695,dlxsg
4696,yjzmy
4697,agdcb
4698,zecjn
4699,eyvpl
4700,fxxgk
4701,okgsi
4702,lligz
4703,hdxxe
4704,kzzuv
4705,xehhi
4706,falyn
4707,raxms
4708,nfbyu
4709,qlock
4710,clhjo
4711,ianwl
4712,hqmte
4713,xsveb
4714,ftels
4715,yuqlj
4716,kahbs
4717,csqop
4718,imstt
4719,dvqon
4720,wzohu
4721,xadbp
4722,gdicp
4723,zhtrc
4724,xowqy
4725,ytcbw
4726,ianzr
4727,riiar
4728,yhaay
4729,fwdcc
4730,dnwfz
4731,jlrqm
4732,znbgi
4733,mzrab
4734,ejznz
4735,hjixl
4736,lzkwo
4737,pegzf
4738,nynei
4739,jmpfs
4740,jbsph
4741,nqjug
4742,fbkkx
4743,nrabg
4744,fylhe
4745,ugkfm
4746,mzgto
4747,tbbhg
4748,pxmog
4749,hcbqe
4750,oduxt
4751,dvylg
4752,fvxow
4753,gkdeb
4754,pyvyb
4755,fyscb
4756,akcjk
4757,nalel
4758,kxgrb
4759,yrdnj
4760,exmio
4761,bfuib
4762,abczw
4763,tnsbs
4764,agnvz
4765,xqyco
4766,blzhf
4767,zpzib
4768,cqdik
4769,gcgji
4770,acsoq
4771,tllbe
4772,liwnr
4773,dzdra
4774,kpinu
4775,mmwji
4776,ezahi
4777,cvhfn
4778,lsxss
4779,azlgb
4780,wzizy
4781,rtlmi
4782,cxzry
4783,yxlsp
4784,pdthv
4785,hhvxl
4786,zpeoz
4787,zldle
4788,xfnhj
4789,caciu
4790,yepew
4791,txnvv
4792,pzrkx
4793,ljpff
4794,yepxv
4795,dcwcb
4796,retbr
4797,wsxbb
4798,edyxl
4799,zvxnv
4800,qmwwa
4801,ccssk
4802,nolxn
4803,iwyas
4804,hzlwq
4805,pkqam
4806,pejch
4807,crtzs
4808,ptbdd
4809,nmfmq
4810,lklca
4811,ynram
4812,qsgjm
4813,ebsho
4814,nljzn
4815,lhtqs
4816,ndmur
4817,ljmab
4818,erwqc
4819,qcixt
4820,vyhio
4821,lonmx
4822,cwsxi
4823,gzfbg
4824,hqihf
4825,juljf
4826,dqobh
4827,lzrkr
4828,nyuub
4829,oonhn
4830,qeqsm
4831,jnnvr
4832,lbuvo
4833,aaito
4834,yvkli
4835,qeomi
4836,zhvlq
4837,cgepa
4838,bqnwx
4839,dxjoo
4840,kibiy
4841,meaft
4842,bvtbz
4843,zftid
4844,tdwut
4845,okhmf
4846,veaow
4847,vuesf
4848,tngse
4849,qxdpd
4850,xuowt
4851,envof
4852,fnban
4853,gagyt
4854,zilwu
4855,glaig
4856,zdvnv
4857,twzpt
4858,yhmiu
4859,qoeck
4860,bcxhe
4861,memsh
4862,cozuh
4863,vrrcn
4864,jaxah
4865,thvzw
4866,xpqgh
4867,quhww
4868,ucfnb
4869,osvyc
4870,pmccq
4871,vznkt
4872,ympqq
4873,scpsp
4874,xbxxm
4875,zjbuu
4876,azjlf
4877,fgqpp
4878,rtamj
4879,witjl
4880,dayow
4881,lwtrv
4882,eihug
4883,aaecz
4884,aimoj
4885,qgvcw
4886,hpjie
4887,pqmip
4888,vmmna
4889,qjqpf
4890,cnmhp
4891,mniau
4892,awutm
4893,muqac
4894,qlrjx
4895,oxblu
4896,ybzhq
4897,flruy
4898,cvhzd
4899,nroyq
4900,ourji
4901,jxxru
4902,kehcy
4903,czzsr
4904,dqacw
4905,mwscz
4906,xsfuz
4907,nnwop
4908,ouuij
4909,vrmnh
4910,azhlr
4911,hszfv
4912,zbseg
4913,sqlfl
4914,tnjyf
4915,aqudh
4916,nmvvb
4917,zxayt
4918,bqgvy
4919,nhdoc
4920,ljijp
4921,xpdyg
4922,ywwut
4923,nnlov
4924,ggwzt
4925,jmqtu
4926,juayr
4927,wgitt
4928,ayesq
4929,okvsr
4930,bdvrn
4931,edyrr
4932,lydvn
4933,tjkpk
4934,tsiim
4935,hssxb
4936,lmmvi
4937,ajykx
4938,gmbmx
4939,mzgfq
4940,lozmo
4941,ufrtb
4942,cnwgk
4943,ntqhq
4944,garsm
4945,mjbrx
4946,pzxpd
4947,zxcfs
4948,bvdqf
4949,qltqx
4950,amino
4951,alhdm
4952,fnrff
4953,dvhjt
4954,vcliu
4955,krbph
4956,aeyel
4957,cdkgv
4958,wndun
4959,amvar
4960,yqslu
4961,rrxvx
4962,xtxou
4963,sxpvw
4964,iviaa
4965,dcxnd
4966,yvnsx
4967,wafns
4968,sobfh
4969,uwlrr
4970,alqnm
4971,jcixz
4972,eothe
4973,sxoox
4974,gtdqq
4975,oqrgk
4976,wbbuv
4977,eczup
4978,ooscn
4979,orcxb
4980,bscaf
4981,vwroc
4982,mtjnb
4983,atyfi
4984,isvds
4985,iqefd
4986,olsbx
4987,mzpoa
4988,vwdxm
4989,enrxc
4990,gyuhn
4991,esyrf
4992,eoqeg
4993,ppipi
4994,tnnnh
4995,ardub
4996,wgttm
4997,akwzx
4998,mlolw
4999,sxoms
5000,zoxcg
